{
  "collection_name": "Planes",
  "meshes": [
    {
      "name": "Plane",
      "vertices": [
        [
          -1.3801792860031128,
          -1.270179271697998,
          0.0
        ],
        [
          -1.3237863779067993,
          -1.270179271697998,
          0.0
        ],
        [
          -1.3801792860031128,
          -1.0598208904266357,
          0.0
        ],
        [
          -1.3244962692260742,
          -1.0598208904266357,
          0.0
        ]
      ],
      "triangles": [
        [
          2,
          3,
          1
        ],
        [
          2,
          1,
          0
        ]
      ],
      "vertex_count": 4,
      "triangle_count": 2,
      "bounds": {
        "min": [
          -1.0,
          -0.7503727078437805,
          0.0
        ],
        "max": [
          -0.530759334564209,
          1.0,
          0.0
        ]
      }
    },
    {
      "name": "Plane.001",
      "vertices": [
        [
          -1.3088445663452148,
          -1.1155810356140137,
          0.0
        ],
        [
          -1.10582435131073,
          -1.1155810356140137,
          0.0
        ],
        [
          -1.3088445663452148,
          -1.0597776174545288,
          0.0
        ],
        [
          -1.0454654693603516,
          -1.0605136156082153,
          0.0
        ],
        [
          -1.10582435131073,
          -1.1326199769973755,
          0.0
        ],
        [
          -1.3073104619979858,
          -1.1326199769973755,
          0.0
        ],
        [
          -1.3077363967895508,
          -1.26637601852417,
          0.0
        ],
        [
          -1.0470398664474487,
          -1.2668019533157349,
          0.0
        ],
        [
          -1.0461878776550293,
          -1.2101473808288574,
          0.0
        ],
        [
          -1.2523596286773682,
          -1.209721326828003,
          0.0
        ],
        [
          -1.2515077590942383,
          -1.193108320236206,
          0.0
        ],
        [
          -1.044909954071045,
          -1.1935343742370605,
          0.0
        ]
      ],
      "triangles": [
        [
          0,
          2,
          3
        ],
        [
          9,
          8,
          7
        ],
        [
          1,
          0,
          3
        ],
        [
          9,
          7,
          6
        ],
        [
          4,
          1,
          3
        ],
        [
          10,
          9,
          6
        ],
        [
          4,
          3,
          11
        ],
        [
          10,
          6,
          5
        ],
        [
          4,
          11,
          10
        ],
        [
          10,
          5,
          4
        ]
      ],
      "vertex_count": 12,
      "triangle_count": 10,
      "bounds": {
        "min": [
          -1.0500261783599854,
          -1.1914327144622803,
          0.0
        ],
        "max": [
          0.9430513381958008,
          0.3718928098678589,
          0.0
        ]
      }
    }
  ]
}